Model name,Learning rate,Batch size,Weight decay,Epochs,Stochastic Weighting Averaging,Softmax Sampling,Max Training Accuracy,Max Training Accuracy3,Max Training Accuracy5,Max Validation Accuracy,Max Validation Accuracy3,Max Validation Accuracy5,Testing Accuracy,Testing Accuracy3,Testing Accuracy5,Testing Loss
20230226-142359,0.001,4096,0.0001,3,False,False,39.74368845567977,71.57016572746114,85.26380299158461,45.26665390346022,78.29727727511091,90.8612667204941,45.19635752218282,78.18175764537449,90.7689490419351,0.0004042383436496302
20230304-155656,0.0005,4096,0.0001,3,True,False,37.16028367613641,67.0477246809892,80.26482266079559,45.127645937554625,77.6538451934042,89.98393500753306,45.134761690722335,77.50087399490586,89.90078076878257,0.0004333214739663741
20230304-160909,0.001,4096,0.0001,1,True,False,39.09390945337407,69.76868075613675,82.84999625427636,46.49941316996429,79.4209943647669,91.52051407975894,46.479881469643246,79.2929797399657,91.40405200685878,0.00039459665606430655
20230304-161908,0.001,4096,1e-05,1,True,False,38.973630105629404,69.79438058216869,82.90118781058291,46.26967545385685,79.01812097854949,91.28162015032838,46.05703441042801,78.99831860027635,91.23008540178795,0.0003991795029924622
20230304-162334,0.001,4096,0.01,1,True,False,38.2983593730491,68.82184506022291,81.7365799046089,43.39046255524942,76.71824666838693,89.07497273945579,43.455859095373654,76.9048927067206,89.05591902645291,0.0004835725564906972
